{"cities": {"ville-1": 1, "ville-2": 1, "ville-3": 2, "ville-4": 0, "ville-5": 3, "ville-6": 1, "ville-7": 2, "ville-8": 0, "ville-9": 3, "ville-10": 3, "ville-11": 2, "ville-12": 0}, "neighbors": {"ville-1": ["ville-5", "ville-2", "ville-9", "ville-10", "ville-8", "ville-6"], "ville-2": ["ville-6", "ville-1", "ville-3", "ville-7"], "ville-3": ["ville-7", "ville-2", "ville-4", "ville-8", "ville-6"], "ville-4": ["ville-8", "ville-3", "ville-7", "ville-5", "ville-12"], "ville-5": ["ville-1", "ville-9", "ville-6", "ville-4", "ville-12", "ville-8"], "ville-6": ["ville-2", "ville-10", "ville-5", "ville-7", "ville-3", "ville-1", "ville-9"], "ville-7": ["ville-3", "ville-11", "ville-6", "ville-8", "ville-2", "ville-4", "ville-12", "ville-10"], "ville-8": ["ville-4", "ville-12", "ville-7", "ville-1", "ville-3", "ville-5", "ville-9", "ville-11"], "ville-9": ["ville-5", "ville-10", "ville-1", "ville-6", "ville-8"], "ville-10": ["ville-6", "ville-9", "ville-11", "ville-1", "ville-7"], "ville-11": ["ville-7", "ville-10", "ville-12", "ville-8"], "ville-12": ["ville-8", "ville-11", "ville-5", "ville-7", "ville-4"]}}
